velodyne,98.60247641654787
velodyne_compression,95.3392838233561
receiver_none_ns3_dsrc_ap_2,89.44804021048003
receiver_2d_nearest_neighbor_ns3_dsrc_ap_2,85.57329509949182
receiver_scene_flow_ns3_dsrc_ap_2,88.07004601544708
receiver_mc_stiching_ns3_dsrc_ap_2,87.05071698634642
receiver_location_stiching_ns3_dsrc_ap_2,85.96930303497125
receiver_point2point_ns3_dsrc_ap_2,88.30578513197426
receiver_least_square_ns3_dsrc_ap_2,89.31162760949995
receiver_pointinet_ns3_dsrc_ap_2,87.80554732596457
receiver_align_icp_ns3_dsrc_ap_2,88.46257333529034
