velodyne,95.55466227317486
velodyne_compression,95.03324563296228
receiver_none_ns3_dsrc_ap_2,86.19562009949496
receiver_2d_nearest_neighbor_ns3_dsrc_ap_2,74.4681906990628
receiver_scene_flow_ns3_dsrc_ap_2,85.15824101996657
receiver_mc_stiching_ns3_dsrc_ap_2,83.93887336491609
receiver_location_stiching_ns3_dsrc_ap_2,83.74742488934743
receiver_point2point_ns3_dsrc_ap_2,85.73671879142269
receiver_least_square_ns3_dsrc_ap_2,86.19847421450459
receiver_pointinet_ns3_dsrc_ap_2,85.1766759304008
receiver_align_icp_ns3_dsrc_ap_2,85.51922730448088
