velodyne,80.11794968233089
velodyne_compression,78.44128775411598
receiver_mc_stiching_ns3_dsrc_ap_3,59.819143689564655
receiver_align_icp_ns3_dsrc_ap_3,55.07760288878211
receiver_none_ns3_dsrc_ap_3,54.45135915021996
receiver_pointinet_ns3_dsrc_ap_3,54.41447740417906
receiver_least_square_ns3_dsrc_ap_3,53.79582737024621
receiver_point2point_ns3_dsrc_ap_3,53.71155045790712
receiver_2d_nearest_neighbor_ns3_dsrc_ap_3,46.98267211011113
receiver_scene_flow_ns3_dsrc_ap_3,53.84385369178821
receiver_location_stiching_ns3_dsrc_ap_3,65.04192007366143
