velodyne,0.6705617904663086
velodyne_compression,0.6728212237358093
receiver_mc_stiching_ns3_dsrc_ap_3,0.6624166965484619
receiver_align_icp_ns3_dsrc_ap_3,0.6590595245361328
receiver_none_ns3_dsrc_ap_3,0.658515989780426
receiver_pointinet_ns3_dsrc_ap_3,0.6550853848457336
receiver_least_square_ns3_dsrc_ap_3,0.6573784351348877
receiver_point2point_ns3_dsrc_ap_3,0.658805787563324
receiver_2d_nearest_neighbor_ns3_dsrc_ap_3,0.6514373421669006
receiver_scene_flow_ns3_dsrc_ap_3,0.6566252708435059
receiver_location_stiching_ns3_dsrc_ap_3,0.6621097922325134
