velodyne,62.88956397332298
velodyne_compression,58.212262986205864
receiver_scene_flow_ns3_dsrc_ap_4,13.444869985889943
receiver_least_square_ns3_dsrc_ap_4,15.001208451752786
receiver_pointinet_ns3_dsrc_ap_4,13.467598812426399
receiver_mc_stiching_ns3_dsrc_ap_4,11.241921499063915
receiver_location_stiching_ns3_dsrc_ap_4,17.890749272067904
receiver_point2point_ns3_dsrc_ap_4,8.104386917022058
receiver_none_ns3_dsrc_ap_4,15.149337190038153
receiver_align_icp_ns3_dsrc_ap_4,13.101723214126018
receiver_2d_nearest_neighbor_ns3_dsrc_ap_4,8.466345631594805
