velodyne,89.79248436187135
velodyne_compression,89.04408505627632
receiver_least_square_ns3_dsrc_ap_5,34.69923824533753
receiver_2d_nearest_neighbor_ns3_dsrc_ap_5,32.385835248056
receiver_location_stiching_ns3_dsrc_ap_5,46.18062638852655
receiver_point2point_ns3_dsrc_ap_5,33.239289487989296
receiver_none_ns3_dsrc_ap_5,35.00001378789258
receiver_scene_flow_ns3_dsrc_ap_5,32.29149551288305
receiver_align_icp_ns3_dsrc_ap_5,33.13285894833809
receiver_pointinet_ns3_dsrc_ap_5,32.71965699780845
receiver_mc_stiching_ns3_dsrc_ap_5,34.920878435104484
