velodyne,90.73157604193797
velodyne_compression,89.68071709133419
receiver_align_icp_ns3_dsrc_ap_6,13.969160796494537
receiver_scene_flow_ns3_dsrc_ap_6,12.642413292819796
receiver_pointinet_ns3_dsrc_ap_6,12.51620845017825
receiver_least_square_ns3_dsrc_ap_6,14.380088784161915
receiver_location_stiching_ns3_dsrc_ap_6,11.996057551840288
receiver_none_ns3_dsrc_ap_6,14.971060461142386
receiver_2d_nearest_neighbor_ns3_dsrc_ap_6,13.267813267813267
receiver_mc_stiching_ns3_dsrc_ap_6,10.234798314268513
receiver_point2point_ns3_dsrc_ap_6,13.456733999283896
