velodyne,75.57442415498681
velodyne_compression,74.69842528492909
receiver_align_icp_ns3_dsrc_ap_6,10.898524472621606
receiver_scene_flow_ns3_dsrc_ap_6,10.156826183154056
receiver_pointinet_ns3_dsrc_ap_6,8.181818181818182
receiver_least_square_ns3_dsrc_ap_6,11.952569169960475
receiver_location_stiching_ns3_dsrc_ap_6,10.842940900813785
receiver_none_ns3_dsrc_ap_6,12.388149484923678
receiver_2d_nearest_neighbor_ns3_dsrc_ap_6,12.396694214876035
receiver_mc_stiching_ns3_dsrc_ap_6,9.563078864105954
receiver_point2point_ns3_dsrc_ap_6,9.117011973972525
