velodyne,90.36723371410737
velodyne_compression,89.17371432163296
receiver_location_stiching_ns3_dsrc_ap_7,84.9771940657192
receiver_mc_stiching_ns3_dsrc_ap_7,85.30014908693374
receiver_none_ns3_dsrc_ap_7,86.74735706394372
receiver_least_square_ns3_dsrc_ap_7,86.87343245246242
receiver_point2point_ns3_dsrc_ap_7,86.71347225014686
receiver_2d_nearest_neighbor_ns3_dsrc_ap_7,79.44808117191859
receiver_align_icp_ns3_dsrc_ap_7,86.77346173933388
receiver_scene_flow_ns3_dsrc_ap_7,86.70175868545893
receiver_pointinet_ns3_dsrc_ap_7,86.59377881093118
