velodyne,99.24611973392462
velodyne_compression,97.53297211954586
receiver_location_stiching_ns3_dsrc_ap_7,87.63298254328473
receiver_mc_stiching_ns3_dsrc_ap_7,88.16269365451721
receiver_none_ns3_dsrc_ap_7,88.85057900102183
receiver_least_square_ns3_dsrc_ap_7,88.97068313035365
receiver_point2point_ns3_dsrc_ap_7,88.70563294122277
receiver_2d_nearest_neighbor_ns3_dsrc_ap_7,86.91559969671886
receiver_align_icp_ns3_dsrc_ap_7,88.86103815602408
receiver_scene_flow_ns3_dsrc_ap_7,88.73648342034367
receiver_pointinet_ns3_dsrc_ap_7,88.67877924262103
