velodyne,68.22659794322539
velodyne_compression,66.60065265761943
receiver_location_stiching_ns3_dsrc_ap_1,68.1069534857619
receiver_2d_nearest_neighbor_ns3_dsrc_ap_1,65.17411542996778
receiver_least_square_ns3_dsrc_ap_1,63.55330431506759
receiver_align_icp_ns3_dsrc_ap_1,67.86093912578265
receiver_mc_stiching_ns3_dsrc_ap_1,68.29221081997761
receiver_pointinet_ns3_dsrc_ap_1,67.55062709617582
receiver_none_ns3_dsrc_ap_1,67.2017643797992
receiver_scene_flow_ns3_dsrc_ap_1,67.38566690380439
receiver_point2point_ns3_dsrc_ap_1,67.18108334568304
