velodyne,0.6770280003547668
velodyne_compression,0.6781350374221802
receiver_location_stiching_ns3_dsrc_ap_1,0.6750568151473999
receiver_2d_nearest_neighbor_ns3_dsrc_ap_1,0.6702299118041992
receiver_least_square_ns3_dsrc_ap_1,0.6611510515213013
receiver_align_icp_ns3_dsrc_ap_1,0.6693353652954102
receiver_mc_stiching_ns3_dsrc_ap_1,0.6727780699729919
receiver_pointinet_ns3_dsrc_ap_1,0.6669469475746155
receiver_none_ns3_dsrc_ap_1,0.6705520749092102
receiver_scene_flow_ns3_dsrc_ap_1,0.6676220297813416
receiver_point2point_ns3_dsrc_ap_1,0.6699817776679993
