velodyne,65.12236890015498
velodyne_compression,63.11467308505988
receiver_location_stiching_ns3_dsrc_ap_1,62.246909229270145
receiver_2d_nearest_neighbor_ns3_dsrc_ap_1,62.61699525759036
receiver_least_square_ns3_dsrc_ap_1,63.7087333474036
receiver_align_icp_ns3_dsrc_ap_1,63.15688387965168
receiver_mc_stiching_ns3_dsrc_ap_1,62.74186285345705
receiver_pointinet_ns3_dsrc_ap_1,62.690794926956784
receiver_none_ns3_dsrc_ap_1,62.69906298432447
receiver_scene_flow_ns3_dsrc_ap_1,62.72637558829687
receiver_point2point_ns3_dsrc_ap_1,62.58350041566823
