velodyne,73.35666822237432
velodyne_compression,71.86452170492313
receiver_location_stiching_ns3_dsrc_ap_1,70.23762646129369
receiver_2d_nearest_neighbor_ns3_dsrc_ap_1,71.22440199516785
receiver_least_square_ns3_dsrc_ap_1,69.83683195903492
receiver_align_icp_ns3_dsrc_ap_1,69.74857074320012
receiver_mc_stiching_ns3_dsrc_ap_1,73.80419634418395
receiver_pointinet_ns3_dsrc_ap_1,69.56221086559364
receiver_none_ns3_dsrc_ap_1,68.98887433348523
receiver_scene_flow_ns3_dsrc_ap_1,69.37438559158329
receiver_point2point_ns3_dsrc_ap_1,68.92331256752043
