velodyne,98.51074676699525
velodyne_compression,97.53335453060828
receiver_none_ns3_dsrc_ap_2,89.53525224808419
receiver_2d_nearest_neighbor_ns3_dsrc_ap_2,80.68610324772945
receiver_scene_flow_ns3_dsrc_ap_2,89.17993225381937
receiver_mc_stiching_ns3_dsrc_ap_2,89.05170093014267
receiver_location_stiching_ns3_dsrc_ap_2,89.1492423466764
receiver_point2point_ns3_dsrc_ap_2,89.44399933672727
receiver_least_square_ns3_dsrc_ap_2,88.86073988570838
receiver_pointinet_ns3_dsrc_ap_2,89.31021945035835
receiver_align_icp_ns3_dsrc_ap_2,89.568575011395
