velodyne,98.4918184280364
velodyne_compression,97.49742555678972
receiver_none_ns3_dsrc_ap_2,89.30930499708697
receiver_2d_nearest_neighbor_ns3_dsrc_ap_2,80.53057953771717
receiver_scene_flow_ns3_dsrc_ap_2,88.8572002091872
receiver_mc_stiching_ns3_dsrc_ap_2,88.90703285254962
receiver_location_stiching_ns3_dsrc_ap_2,88.98371069001814
receiver_point2point_ns3_dsrc_ap_2,89.29983716944267
receiver_least_square_ns3_dsrc_ap_2,88.20403809178823
receiver_pointinet_ns3_dsrc_ap_2,89.15109925827271
receiver_align_icp_ns3_dsrc_ap_2,89.35501864729827
