velodyne,79.63206821116185
velodyne_compression,77.97830923141267
receiver_mc_stiching_ns3_dsrc_ap_3,62.73030372300104
receiver_align_icp_ns3_dsrc_ap_3,58.85420992905658
receiver_none_ns3_dsrc_ap_3,58.91368406367076
receiver_pointinet_ns3_dsrc_ap_3,58.333253020816464
receiver_least_square_ns3_dsrc_ap_3,58.35175604466924
receiver_point2point_ns3_dsrc_ap_3,58.87440731442039
receiver_2d_nearest_neighbor_ns3_dsrc_ap_3,51.7201627178095
receiver_scene_flow_ns3_dsrc_ap_3,59.19399080625802
receiver_location_stiching_ns3_dsrc_ap_3,61.80984423946578
