velodyne,78.5580677058934
velodyne_compression,72.15376946735292
receiver_mc_stiching_ns3_dsrc_ap_3,41.93004736021061
receiver_align_icp_ns3_dsrc_ap_3,41.51840801663519
receiver_none_ns3_dsrc_ap_3,41.430659516453474
receiver_pointinet_ns3_dsrc_ap_3,40.585361608455365
receiver_least_square_ns3_dsrc_ap_3,41.21061821409347
receiver_point2point_ns3_dsrc_ap_3,41.41564893667827
receiver_2d_nearest_neighbor_ns3_dsrc_ap_3,37.89414824088619
receiver_scene_flow_ns3_dsrc_ap_3,40.87321694280162
receiver_location_stiching_ns3_dsrc_ap_3,42.62875205824177
