velodyne,90.70193638318943
velodyne_compression,90.44845166874397
receiver_least_square_ns3_dsrc_ap_5,58.19687167464068
receiver_2d_nearest_neighbor_ns3_dsrc_ap_5,17.28690664174535
receiver_location_stiching_ns3_dsrc_ap_5,41.99596917366107
receiver_point2point_ns3_dsrc_ap_5,57.61164514598639
receiver_none_ns3_dsrc_ap_5,58.80860240197229
receiver_scene_flow_ns3_dsrc_ap_5,49.557003773142995
receiver_align_icp_ns3_dsrc_ap_5,57.32757450170841
receiver_pointinet_ns3_dsrc_ap_5,50.716076873723395
receiver_mc_stiching_ns3_dsrc_ap_5,45.62259550531158
