velodyne,0.7251138687133789
velodyne_compression,0.7216430902481079
receiver_least_square_ns3_dsrc_ap_5,0.6707214117050171
receiver_2d_nearest_neighbor_ns3_dsrc_ap_5,0.6603793501853943
receiver_location_stiching_ns3_dsrc_ap_5,0.6566818356513977
receiver_point2point_ns3_dsrc_ap_5,0.6686802506446838
receiver_none_ns3_dsrc_ap_5,0.6733037233352661
receiver_scene_flow_ns3_dsrc_ap_5,0.6656097769737244
receiver_align_icp_ns3_dsrc_ap_5,0.6711877584457397
receiver_pointinet_ns3_dsrc_ap_5,0.6585392951965332
receiver_mc_stiching_ns3_dsrc_ap_5,0.6570248007774353
