velodyne,98.09605720337028
velodyne_compression,88.77369155397781
receiver_align_icp_ns3_dsrc_ap_6,50.43294608982396
receiver_scene_flow_ns3_dsrc_ap_6,49.242057502408635
receiver_pointinet_ns3_dsrc_ap_6,48.316867198808545
receiver_least_square_ns3_dsrc_ap_6,51.08882668565996
receiver_location_stiching_ns3_dsrc_ap_6,61.439856795971274
receiver_none_ns3_dsrc_ap_6,50.47274472408163
receiver_2d_nearest_neighbor_ns3_dsrc_ap_6,43.08419165040945
receiver_mc_stiching_ns3_dsrc_ap_6,36.528090357822045
receiver_point2point_ns3_dsrc_ap_6,50.43413216488874
