velodyne,0.7101858258247375
velodyne_compression,0.7140896320343018
receiver_location_stiching_ns3_dsrc_ap_7,0.6608219742774963
receiver_mc_stiching_ns3_dsrc_ap_7,0.6595934629440308
receiver_none_ns3_dsrc_ap_7,0.6484939455986023
receiver_least_square_ns3_dsrc_ap_7,0.6402180194854736
receiver_point2point_ns3_dsrc_ap_7,0.643088161945343
receiver_2d_nearest_neighbor_ns3_dsrc_ap_7,0.6330277323722839
receiver_align_icp_ns3_dsrc_ap_7,0.6485906839370728
receiver_scene_flow_ns3_dsrc_ap_7,0.6370363235473633
receiver_pointinet_ns3_dsrc_ap_7,0.6324806809425354
