velodyne,97.55157416352222
velodyne_compression,89.44128066595684
receiver_location_stiching_ns3_dsrc_ap_1,88.25064972045827
receiver_2d_nearest_neighbor_ns3_dsrc_ap_1,86.05535008114734
receiver_least_square_ns3_dsrc_ap_1,88.82025193205348
receiver_align_icp_ns3_dsrc_ap_1,88.88602000021862
receiver_mc_stiching_ns3_dsrc_ap_1,88.41635028712254
receiver_pointinet_ns3_dsrc_ap_1,88.03204127978321
receiver_none_ns3_dsrc_ap_1,88.79371733135405
receiver_scene_flow_ns3_dsrc_ap_1,88.62651499953245
receiver_point2point_ns3_dsrc_ap_1,88.15932319879887
